Code,Name
0000D0,미래에셋 TIGER NVDA-UST커버드콜증권상장지수투자신탁(채권혼합-파생재간접형)(합성)
0000H0,삼성 KODEX 인도Nifty미드캡100증권상장지수투자신탁[주식-파생형]
0000J0,한화 PLUS 한화그룹주증권상장지수투자신탁(주식)
0001S0,미래에셋 TIGER 26-04 회사채(A+이상)액티브증권상장지수투자신탁(채권)
0005A0,삼성 KODEX 미국S&P500데일리커버드콜OTM증권상장지수투자신탁[주식-파생형]
0005D0,신한 SOL 전고체배터리&실리콘음극재증권상장지수투자신탁[주식]
0007F0,삼성 KODEX 27-12 회사채(AA-이상)액티브증권상장지수투자신탁[채권]
0007G0,한화 PLUS 글로벌원자력밸류체인증권상장지수투자신탁(주식)
0008E0,한국투자 ACE 미국중심중소형제조업증권상장지수투자신탁(주식)
0008S0,미래에셋 TIGER 미국배당다우존스타겟데일리커버드콜증권상장지수투자신탁(주식)
0008T0,신한 SOL 화장품TOP3플러스증권상장지수투자신탁[주식]
0010E0,한국투자 ACE FTSE WGBI Korea증권상장지수투자신탁(채권)
0015E0,키움 KIWOOM 엔비디아미국30년국채혼합액티브증권상장지수투자신탁[채권혼합](H)
0015F0,키움 KIWOOM 팔란티어미국30년국채혼합액티브증권상장지수투자신탁[채권혼합](H)
0015K0,미래에셋 TIGER 미국소비트렌드액티브증권상장지수투자신탁(주식)
0016X0,신한 SOL 중단기회사채(A-이상)액티브증권상장지수투자신탁[채권]
0018C0,한화 PLUS 고배당주위클리고정커버드콜증권상장지수투자신탁(주식-파생형)
0019K0,타임폴리오 TIMEFOLIO 미국나스닥100채권혼합50액티브증권상장지수투자신탁(채권혼합)
0021C0,한국투자 ACE 장기자산배분액티브증권상장지수투자신탁(혼합-재간접형)
0021D0,한국투자 ACE TDF2030액티브증권상장지수투자신탁(혼합-재간접형)
0021E0,한국투자 ACE TDF2050액티브증권상장지수투자신탁(혼합-재간접형)
0022T0,신한 SOL 국제금커버드콜액티브특별자산상장지수투자신탁[금-파생재간접형]
0023A0,신한 SOL 미국양자컴퓨팅TOP10증권상장지수투자신탁[주식]
0023B0,한화 PLUS 미국양자컴퓨팅TOP10증권상장지수투자신탁(주식)
0025N0,미래에셋 TIGER TDF2045증권상장지수투자신탁(주식혼합)
0026E0,삼성 KODEX 미국S&P500버퍼3월액티브증권상장지수투자신탁[주식-파생형]
0028X0,삼성 KODEX 미국금융테크액티브증권상장지수투자신탁[주식]
0035T0,한화 PLUS 글로벌휴머노이드로봇액티브증권상장지수투자신탁(주식)
0036D0,타임폴리오 TIMEFOLIO 미국배당다우존스액티브증권상장지수투자신탁[주식]
0038A0,삼성 KODEX 미국휴머노이드로봇증권상장지수투자신탁[주식]
0040S0,NH-Amundi HANARO 글로벌피지컬AI액티브증권상장지수투자신탁(주식)
0040X0,신한 SOL 팔란티어미국채커버드콜혼합증권상장지수투자신탁[채권혼합-파생재간접형]
0040Y0,신한 SOL 팔란티어커버드콜OTM채권혼합증권상장지수투자신탁[채권혼합-파생형]
0041D0,삼성 KODEX 미국AI소프트웨어TOP10증권상장지수투자신탁[주식]
0041E0,삼성 KODEX 미국S&P500액티브증권상장지수투자신탁[주식]
0043B0,미래에셋 TIGER 머니마켓액티브증권상장지수투자신탁(채권)
0043Y0,타임폴리오 TIMEFOLIO 차이나AI테크액티브증권상장지수투자신탁(주식)
0046A0,미래에셋 TIGER 미국초단기(3개월이하)국채증권상장지수투자신탁(채권-재간접형)
0046Y0,한국투자 ACE 미국배당퀄리티증권상장지수투자신탁(주식)
0047A0,미래에셋 TIGER 차이나테크TOP10증권상장지수투자신탁(주식)
0047N0,한화 PLUS 차이나AI테크TOP10증권상장지수투자신탁(주식)
0048J0,삼성 KODEX 미국머니마켓액티브증권상장지수투자신탁[채권]
0048K0,삼성 KODEX 차이나휴머노이드로봇증권상장지수투자신탁[주식]
0049K0,한국투자 ACE 미국배당퀄리티채권혼합50증권상장지수투자신탁(채권혼합)
0049M0,한국투자 ACE 미국배당퀄리티+커버드콜액티브증권상장지수투자신탁(주식-재간접형)
0050E0,한화 PLUS 미국AI에이전트증권상장지수투자신탁(주식)
0051G0,신한 SOL 미국원자력SMR증권상장지수투자신탁[주식]
0052D0,미래에셋 TIGER 코리아배당다우존스증권상장지수투자신탁(주식)
0053L0,미래에셋 TIGER 차이나휴머노이드로봇증권상장지수투자신탁(주식)
0057H0,한화 PLUS 미국S&P500미국채혼합50액티브증권상장지수투자신탁(채권혼합-재간접형)
0060H0,미래에셋 TIGER 토탈월드스탁액티브증권상장지수투자신탁(주식)
0064K0,삼성 KODEX 금액티브특별자산상장지수투자신탁[금-파생재간접형]
0065G0,삼성 KODEX 차이나테크TOP10증권상장지수투자신탁[주식]
0066W0,신한 SOL 국제금특별자산상장지수투자신탁[금-재간접형]
0067V0,미래에셋 TIGER 차이나글로벌리더스TOP3+증권상장지수투자신탁(주식)
0067Y0,미래에셋 TIGER 차이나AI소프트웨어증권상장지수투자신탁(주식)
0068M0,삼성 KODEX 미국S&P500버퍼6월액티브증권상장지수투자신탁[주식-파생형]
0072R0,미래에셋 TIGER KRX금현물특별자산상장지수투자신탁(금)
0078V0,한화 PLUS 미국로보택시증권상장지수투자신탁(주식)
0079X0,한국투자 ACE BYD밸류체인액티브증권상장지수투자신탁(주식)
0080G0,삼성 KODEX K방산TOP10증권상장지수투자신탁[주식]
0080X0,신한 SOL 미국S&P500미국채혼합50증권상장지수투자신탁[채권혼합]
0082F0,NH-Amundi HANARO 유럽방산증권상장지수투자신탁(주식)
0082V0,삼성 KODEX TDF2060액티브증권상장지수투자신탁[혼합-재간접형]
0084D0,키움 KIWOOM US테크100월간목표헤지액티브증권상장지수투자신탁[혼합-파생재간접형]
0084E0,키움 KIWOOM US대형500월간목표헤지액티브증권상장지수투자신탁[혼합-파생재간접형]
0085N0,한국투자 ACE 미국10년국채액티브증권상장지수투자신탁(채권)(H)
0085P0,한국투자 ACE 미국10년국채액티브증권상장지수투자신탁(채권)
0086B0,미래에셋 TIGER 리츠부동산인프라TOP10액티브부동산상장지수투자신탁(재간접형)
0086C0,미래에셋 TIGER 리츠인프라10채권액티브증권상장지수투자신탁(채권혼합-재간접형)
0087F0,한국투자 ACE 차이나AI빅테크TOP2+액티브증권상장지수투자신탁(주식)
0089B0,한화 PLUS 미국나스닥100미국채혼합50증권상장지수투자신탁(채권혼합)
0089C0,삼성 KODEX 미국S&P500변동성확대시커버드콜증권상장지수투자신탁[주식-파생형]
0089D0,삼성 KODEX 금융고배당TOP10증권상장지수투자신탁[주식]
0090B0,한화 PLUS K방산소부장증권상장지수투자신탁(주식)
0091C0,삼성 KODEX 미국10년국채액티브증권상장지수투자신탁[채권-재간접형](H)
0091M0,NH-Amundi HANARO 27-06 회사채(AA-이상)액티브증권상장지수투자신탁(채권)
0091P0,미래에셋 TIGER 코리아원자력증권상장지수투자신탁(주식)
0092B0,신한 SOL 한국원자력SMR증권상장지수투자신탁[주식]
0092C0,신한 SOL 27-12 회사채(AA-이상)액티브증권상장지수투자신탁[채권]
0094K0,미래에셋 TIGER 28-04 회사채(A+이상)액티브증권상장지수투자신탁(채권)
0097L0,키움 KIWOOM 한국고배당&미국AI테크증권상장지수투자신탁[주식]
0098F0,삼성 KODEX K원자력SMR증권상장지수투자신탁[주식]
0098N0,한화 PLUS 자사주매입고배당주증권상장지수투자신탁(주식)
0099L0,한국투자 ACE 우량회사채(AA-이상)액티브증권상장지수투자신탁(채권)
0102A0,미래에셋 TIGER 미국AI소프트웨어TOP4Plus증권상장지수투자신탁(주식)
0102X0,한국투자 ACE 유럽방산TOP10증권상장지수투자신탁(주식)
0104N0,미래에셋 TIGER 200타겟위클리커버드콜증권상장지수투자신탁(주식)
0104P0,미래에셋 TIGER 코리아배당다우존스위클리커버드콜증권상장지수투자신탁(주식-파생형)
0105D0,신한 SOL 한국AI소프트웨어증권상장지수투자신탁[주식]
0105E0,신한 SOL 코리아고배당증권상장지수투자신탁[주식]
0107F0,키움 KIWOOM 미국고배당&AI테크증권상장지수투자신탁[주식]
0111J0,NH-Amundi HANARO 증권고배당TOP3플러스증권상장지수투자신탁[주식]
0113D0,타임폴리오 TIMEFOLIO 글로벌탑픽액티브증권상장지수투자신탁[주식-재간접형]
0115D0,삼성 KODEX K조선TOP10증권상장지수투자신탁[주식]
0115E0,삼성 KODEX 코리아소버린AI증권상장지수투자신탁[주식]
0117L0,삼성 KODEX 26-12 금융채(AA-이상)액티브증권상장지수투자신탁[채권]
0117V0,미래에셋 TIGER 코리아AI전력기기TOP3플러스증권상장지수투자신탁(주식)
0118S0,신한 SOL 미국넥스트테크TOP10액티브증권상장지수투자신탁[주식]
0118Z0,한국투자 ACE 미국AI테크핵심산업액티브증권상장지수투자신탁(주식)
0119H0,삼성 KODEX 28-12 회사채(AA-이상)액티브증권상장지수투자신탁[채권]
0123G0,미래에셋 TIGER 미국AI전력SMR증권상장지수투자신탁(주식)
0123S0,NH-Amundi HANARO 26-12 은행채(AA+이상)액티브증권상장지수투자신탁(채권)
0127M0,한국투자 ACE 미국대형가치주액티브증권상장지수투자신탁(주식)
0127P0,한국투자 ACE 미국대형성장주액티브증권상장지수투자신탁(주식)
0127T0,키움 KIWOOM 미국S&P500&배당다우존스비중전환증권상장지수투자신탁[주식]
0127V0,키움 KIWOOM 미국S&P500 TOP10&배당다우존스비중전환증권상장지수투자신탁[주식]
0128D0,한화 PLUS 차이나항셍테크위클리타겟커버드콜증권상장지수투자신탁(주식-파생형)
0131A0,신한 SOL 차이나소비트렌드증권상장지수투자신탁[주식]
0132H0,삼성 KODEX 미국원자력SMR증권상장지수투자신탁[주식]
0132K0,한화 PLUS 테슬라위클리커버드콜채권혼합증권상장지수투자신탁(채권혼합-파생형)
0137V0,키움 KIWOOM 미국S&P500모멘텀증권상장지수투자신탁[주식]
0137W0,키움 KIWOOM 미국S&P500&GOLD증권상장지수투자신탁[주식]
0138Y0,한화 PLUS 금채권혼합증권상장지수투자신탁(채권혼합-재간접형)
0139F0,미래에셋 TIGER 12월만기자동연장금융채(AA-이상)액티브증권상장지수투자신탁(채권)
0139P0,한국투자 ACE 고배당주증권상장지수투자신탁(주식)
0141S0,신한 SOL 조선기자재증권상장지수투자신탁[주식]
0141T0,신한 SOL 중기종합채권(AA-이상)액티브증권상장지수투자신탁[채권]
0142D0,미래에셋 TIGER 미국AI데이터센터TOP4Plus증권상장지수투자신탁(주식)
0144L0,삼성 KODEX 미국성장커버드콜액티브증권상장지수투자신탁[주식-파생형]
0144M0,삼성 KODEX 미국드론UAM TOP10증권상장지수투자신탁[주식]
069500,삼성 KODEX200 증권상장지수투자신탁[주식]
069660,키움 KIWOOM 200 상장지수증권투자신탁[주식]
091160,삼성 KODEX 반도체 증권상장지수투자신탁[주식]
091170,삼성 KODEX 은행 증권상장지수투자신탁[주식]
091180,삼성 KODEX 자동차 증권상장지수투자신탁[주식]
091220,미래에셋 TIGER 은행 증권상장지수투자신탁(주식)
091230,미래에셋 TIGER 반도체 증권상장지수투자신탁(주식)
099140,삼성 KODEX 차이나H증권상장지수투자신탁[주식]
100910,키움 KIWOOM KRX100 상장지수증권투자신탁[주식]
101280,삼성 KODEX Japan 증권상장지수투자신탁[주식]
102110,미래에셋 TIGER 200 증권상장지수투자신탁(주식)
102780,삼성 KODEX 삼성그룹주 증권상장지수투자신탁[주식]
102960,삼성 KODEX 기계장비증권상장지수투자신탁[주식]
102970,삼성 KODEX 증권주 증권상장지수투자신탁[주식]
104520,키움 KIWOOM 블루칩 상장지수증권투자신탁[주식]
104530,키움 KIWOOM 고배당 상장지수증권투자신탁[주식]
105010,미래에셋 TIGER 라틴 증권상장지수투자신탁(주식)
105190,한국투자 ACE 200 증권 상장지수투자신탁(주식)
108450,한국투자 ACE 삼성그룹주SW 증권 상장지수투자신탁(주식)
114260,삼성 KODEX 국고채권 증권상장지수투자신탁[채권]
114460,한국투자 ACE 국고채 증권 상장지수투자신탁(채권)
114470,키움 KIWOOM 국고채 상장지수증권투자신탁[채권]
114820,미래에셋 TIGER 국채3 증권상장지수투자신탁(채권)
117460,삼성KODEX에너지화학증권상장지수투자신탁[주식]
117680,삼성KODEX철강증권상장지수투자신탁[주식]
117690,미래에셋 TIGER 차이나 증권상장지수투자신탁(주식)
117700,삼성KODEX건설증권상장지수투자신탁[주식]
122090,한화 PLUS KOSPI50 증권 상장지수투자신탁[주식]
122260,키움 KIWOOM 통안채 상장지수증권투자신탁[채권]
130680,미래에셋 TIGER 원유선물 특별자산상장지수투자신탁(원유-파생형)
130730,키움 KIWOOM 단기자금증권상장지수투자신탁[채권]
131890,한국투자 ACE 삼성그룹주 동일가중 증권 상장지수투자신탁(주식)
132030,삼성 KODEX 골드선물특별자산상장지수투자신탁(금-파생형)(H)
133690,미래에셋 TIGER 미국나스닥100증권상장지수투자신탁(주식)
137610,미래에셋 TIGER 농산물선물 특별자산상장지수투자신탁(농산물-파생형)
138230,키움 KIWOOM 미국달러선물특별자산상장지수투자신탁[미국달러-파생형]
138520,미래에셋 TIGER 삼성그룹 증권상장지수투자신탁(주식)
138530,미래에셋 TIGER LG그룹+ 증권상장지수투자신탁(주식)
138540,미래에셋 TIGER 현대차그룹+ 증권상장지수투자신탁(주식)
138910,삼성 KODEX 구리선물특별자산상장지수투자신탁(구리-파생형)(H)
138920,삼성 KODEX 콩선물특별자산상장지수투자신탁(콩-파생형)(H)
139220,미래에셋TIGER200건설증권상장지수투자신탁(주식)
139230,미래에셋TIGER200중공업증권상장지수투자신탁(주식)
139240,미래에셋TIGER200철강소재증권상장지수투자신탁(주식)
139250,미래에셋TIGER200에너지화학증권상장지수투자신탁(주식)
139260,미래에셋TIGER200IT증권상장지수투자신탁(주식)
139270,미래에셋TIGER200금융증권상장지수투자신탁(주식)
139280,미래에셋 TIGER 경기방어 증권상장지수투자신탁(주식)
139290,미래에셋TIGER200경기소비재증권상장지수투자신탁(주식)
139320,미래에셋 TIGER 금은선물 특별자산상장지수투자신탁(금속-파생형)
140700,삼성KODEX보험증권상장지수투자신탁[주식]
140710,삼성KODEX운송증권상장지수투자신탁[주식]
143850,미래에셋 TIGER S&P500선물 증권상장지수투자신탁(주식-파생형)
143860,미래에셋 TIGER 헬스케어 증권상장지수투자신탁(주식)
144600,삼성 KODEX 은선물특별자산상장지수투자신탁(은-파생형)(H)
147970,미래에셋 TIGER 모멘텀 증권상장지수투자신탁(주식)
148070,키움 KIWOOM 10년국고채증권상장지수투자신탁[채권]
150460,미래에셋 TIGER 중국소비테마 증권상장지수투자신탁(주식)
152100,한화 PLUS 200 증권상장지수투자신탁(주식)
152380,삼성KODEX10년국채선물증권상장지수투자신탁[채권-파생형]
153130,삼성KODEX단기채권증권상장지수투자신탁[채권]
153270,키움 KIWOOM 100 증권상장지수투자신탁[주식]
156080,삼성 KODEX MSCI KOREA 증권상장지수투자신탁[주식]
157450,미래에셋 TIGER 단기통안채증권상장지수투자신탁(채권)
157490,미래에셋 TIGER 소프트웨어 증권상장지수투자신탁(주식)
157500,미래에셋 TIGER 증권 증권상장지수투자신탁(주식)
160580,미래에셋 TIGER 구리실물 특별자산상장지수투자신탁(금속)
161510,한화 PLUS 고배당주 증권상장지수투자신탁(주식)
166400,미래에셋 TIGER 200커버드콜OTM 증권상장지수투자신탁(주식-파생형)
168580,한국투자 ACE 중국본토 CSI300 증권 자상장지수투자신탁(주식-파생형)
169950,삼성 KODEX 차이나FTSE China A50증권상장지수투자신탁[주식-파생형]
174350,미래에셋TIGER로우볼증권상장지수투자신탁(주식)
181480,한국투자 ACE 미국부동산리츠 부동산상장지수투자신탁(파생형)(합성 H)
182480,미래에셋TIGERMSCIUS리츠부동산상장지수투자신탁(파생형)(합성 H)
182490,미래에셋TIGER단기선진국하이일드증권상장지수투자신탁(채권-파생형)(합성 H)
185680,삼성KODEX미국바이오테크증권상장지수투자신탁[주식-파생형](합성)
189400,한화PLUS MSCI AC World 증권상장지수투자신탁(주식-파생형)(합성 H)
190620,한국투자 ACE 단기자금 증권 상장지수투자신탁(채권)
192090,미래에셋TIGER차이나CSI300증권상장지수투자신탁(주식-파생형)
195920,미래에셋TIGER일본증권상장지수투자신탁(주식-파생형)(합성 H)
195930,미래에셋TIGER유로스탁스50증권상장지수투자신탁(주식-파생형)(합성 H)
195970,한화PLUS MSCI EAFE 증권상장지수투자신탁(주식-파생형)(합성 H)
195980,한화PLUS MSCI Emerging Markets 증권상장지수투자신탁(주식-파생형)(합성 H)
200030,삼성 KODEX 미국S&P500산업재증권상장지수투자신탁[주식-파생형](합성)
200250,키움 KIWOOM NIFTY50인디아증권상장지수투자신탁[주식-파생형](합성)
203780,미래에셋TIGER나스닥바이오증권상장지수투자신탁(주식)
210780,미래에셋TIGER코스피고배당증권상장지수투자신탁(주식)
211560,미래에셋TIGER배당성장증권상장지수투자신탁(주식)
211900,삼성 KODEX 코리아배당성장증권상장지수투자신탁[주식]
213610,삼성KODEX삼성그룹밸류증권상장지수투자신탁[주식]
213630,한화PLUS DJ US Select Dividend 증권상장지수투자신탁(주식-파생형)(합성 H)
214980,삼성KODEX단기채권PLUS증권상장지수투자신탁[채권]
218420,삼성 KODEX 미국S&P500에너지증권상장지수투자신탁[주식-파생형](합성)
219480,삼성KODEX S&P500선물증권상장지수투자신탁[주식-파생형](H)
220130,신한 SOL 차이나강소기업CSI500증권상장지수투자신탁(주식-파생형)(합성 H)
223190,삼성 KODEX 200가치저변동증권상장지수투자신탁[주식]
226380,한국투자 ACE 성장소비주도주증권상장지수투자신탁(주식)
226490,삼성 KODEX 코스피 증권상장지수투자신탁(신탁)
226980,삼성 KODEX 200 중소형 증권상장지수투자신탁(주식)
227540,미래에셋 TIGER 200헬스케어증권상장지수투자신탁(주식)
227550,미래에셋 TIGER 200 산업재 증권상장지수투자신탁(주식)
227560,미래에셋 TIGER 200 생활소비재 증권상장지수투자신탁(주식)
227570,미래에셋 TIGER 우량가치 증권상장지수투자신탁(주식)
227830,한화 PLUS KOSPI 증권상장지수투자신탁(주식)
228790,미래에셋 TIGER 화장품 증권상장지수투자신탁(주식)
228800,미래에셋 TIGER 여행레저 증권상장지수투자신탁(주식)
228810,미래에셋 TIGER 미디어컨텐츠 증권상장지수투자신탁(주식)
228820,미래에셋TIGERKTOP30증권상장지수투자신탁(주식)
229200,삼성 KODEX 코스닥 150 증권상장지수투자신탁(주식)
229720,삼성 KODEX KTOP30 증권상장지수투자신탁[주식]
232080,미래에셋 TIGER 코스닥150 증권상장지수투자신탁(주식)
237350,삼성 KODEX 200대형증권상장지수투자신탁(주식)
237370,삼성 KODEX 코리아배당성장채권혼합증권상장지수투자신탁[채권혼합]
237440,미래에셋 TIGER 경기방어혼합 증권상장지수투자신탁(채권혼합)
238670,한화 PLUS 스마트베타Quality채권혼합증권상장지수투자신탁(채권혼합-파생형)
238720,한국투자 ACE 일본Nikkei225증권상장지수투자신탁(주식-파생형)(H)
239660,한화 PLUS 우량회사채50증권상장지수투자신탁(채권)
241180,미래에셋 TIGER 일본니케이225증권상장지수투자신탁(주식-파생형)
244580,삼성 KODEX 바이오증권상장지수투자신탁[주식]
244620,삼성 KODEX 모멘텀PLUS증권상장지수투자신탁[주식]
244660,삼성 KODEX 퀄리티PLUS증권상장지수투자신탁[주식]
244670,삼성 KODEX 밸류PLUS증권상장지수투자신탁[주식]
245340,미래에셋 TIGER 미국다우존스30 증권상장지수투자신탁(주식-파생형)
245350,미래에셋 TIGER 유로스탁스배당30 증권상장지수투자신탁(주식-파생형)
245360,미래에셋 TIGER 차이나HSCEI증권상장지수투자신탁(주식-파생형)
245710,한국투자 ACE 베트남VN30증권상장지수투자신탁(주식-파생형)(합성)
248270,미래에셋 TIGER 글로벌헬스케어 증권상장지수투자신탁(주식-파생형)(합성)
251350,삼성 KODEX MSCI선진국증권상장지수투자신탁[주식]
251590,한화 PLUS 고배당저변동50증권상장지수투자신탁(주식)
251600,한화 PLUS 고배당주채권혼합증권상장지수투자신탁(채권혼합-파생형)
252000,미래에셋 TIGER 200동일가중증권상장지수투자신탁(주식)
252650,삼성 KODEX 200동일가중증권상장지수투자신탁[주식]
256440,한국투자 ACE MSCI인도네시아증권상장지수투자신탁(주식-파생형)(합성)
256450,한화 PLUS 심천차이넥스트증권상장지수투자신탁(주식-파생형)(합성)
256750,삼성 KODEX 차이나심천ChiNext증권상장지수투자신탁[주식-파생형](합성)
261060,미래에셋 TIGER 코스닥150IT증권상장지수투자신탁(주식)
261070,미래에셋 TIGER 코스닥150바이오테크증권상장지수투자신탁(주식)
261140,미래에셋 TIGER 우선주증권상장지수투자신탁(주식)
261220,삼성 KODEX WTI원유선물특별자산상장지수투자신탁[원유-파생형](H)
261240,삼성 KODEX 미국달러선물특별자산상장지수투자신탁(미국달러-파생형)
261920,한국투자 ACE MSCI필리핀증권상장지수투자신탁(주식-파생형)(합성)
265690,한국투자 ACE 러시아MSCI증권상장지수투자신탁(주식-파생형)(합성)
266360,삼성 KODEX K콘텐츠증권상장지수투자신탁[주식]
266370,삼성 KODEX IT증권상장지수투자신탁(주식)
266390,삼성 KODEX 경기소비재증권상장지수투자신탁[주식형]
266410,삼성 KODEX 필수소비재증권상장지수투자신탁[주식형]
266420,삼성 KODEX 헬스케어증권상장지수투자신탁[주식형]
266550,한화 PLUS 중형주저변동50증권상장지수투자신탁[주식]
269370,미래에셋 TIGER S&P글로벌인프라증권상장지수투자신탁 (주식-파생형)(합성)
269420,삼성 KODEX S&P글로벌인프라증권상장지수투자신탁[주식-파생형](합성)
269530,한화 PLUS S&P글로벌인프라 증권상장지수투자신탁(주식)
269540,한화 PLUS S&P500증권상장지수투자신탁(주식-파생)(H)
271060,삼성 KODEX 3대농산물선물특별자산상장지수투자신탁[농산물-파생형](H)
272580,미래에셋 TIGER 단기채권액티브증권상장지수투자신탁(채권)
272910,한국투자 ACE 중장기국공채액티브증권상장지수투자신탁(채권)
273130,삼성 KODEX 종합채권(AA-이상)액티브증권상장지수투자신탁[채권]
273140,삼성 KODEX 단기변동금리부채권액티브증권상장지수투자신탁[채권]
275280,삼성 KODEX 모멘텀주증권상장지수투자신탁[주식형]
275290,삼성 KODEX 가치주증권상장지수투자신탁[주식형]
275300,삼성 KODEX 우량주증권상장지수투자신탁[주식형]
275980,미래에셋TIGER모닝스타글로벌4차산업혁신기술증권상장지수투자신탁(주식-파생형)합성H
276000,미래에셋 TIGER모닝스타글로벌자원생산기업증권상장지수투자신탁(주식-파생형)(합성H)
276970,삼성 KODEX 미국S&P500배당귀족커버드콜증권상장지수투자신탁[주식-파생형](합성 H)
276990,삼성 KODEX 글로벌로봇증권상장지수투자신탁(주식-파생형)(합성)
277540,한국투자 ACE 아시아TOP50증권상장지수투자신탁(주식)
277630,미래에셋 TIGER 코스피증권상장지수투자신탁(주식)
277640,미래에셋 TIGER 코스피대형주증권상장지수투자신탁(주식)
277650,미래에셋 TIGER 코스피중형주증권상장지수투자신탁(주식)
278530,삼성 KODEX 200 Total Return증권상장지수투자신탁[주식]
278540,삼성 KODEX MSCI Korea Total Return증권상장지수투자신탁[주식]
278620,한화 PLUS 단기채권액티브증권상장지수투자신탁(채권)
279530,삼성 KODEX 고배당주증권상장지수투자신탁[주식]
279540,삼성 KODEX 최소변동성증권상장지수투자신탁[주식]
280320,한국투자 ACE 미국IT인터넷증권상장지수투자신탁(주식-파생형)(합성 H)
280920,한화 PLUS 주도업종증권상장지수투자신탁[주식]
280930,삼성 KODEX 미국러셀2000증권상장지수투자신탁[주식-파생형](H)
283580,삼성 KODEX 차이나CSI300증권상장지수투자신탁[주식-파생형]
284430,삼성 KODEX200미국채혼합증권상장지수투자신탁[채권혼합-파생형]
287180,한화 PLUS 미국나스닥테크증권상장지수투자신탁(주식)
289040,삼성 KODEX MSCI ESG유니버설증권상장지수투자신탁[주식형]
289250,미래에셋 TIGER MSCI KOREA ESG유니버설증권상장지수투자신탁(주식)
289260,미래에셋 TIGER MSCI KOREA ESG리더스증권상장지수투자신탁(주식)
289480,미래에셋TIGER200커버드콜증권상장지수투자신탁(주식-파생형)
289670,한화 PLUS 국채선물10년증권상장지수투자신탁(채권-파생형)
291130,한국투자 ACE MSCI멕시코증권상장지수투자신탁(주식-파생형)(합성)
291890,삼성 KODEX SGX MSCI EM 선물증권상장지수투자신탁[주식-파생형](H)
292150,미래에셋 TIGER 코리아TOP10증권상장지수투자신탁(주식)
292160,미래에셋 TIGER KRX300증권상장지수투자신탁(주식)
292190,삼성 KODEX KRX300증권상장지수투자신탁[주식형]
292500,신한 SOL KRX300증권상장지수투자신탁[주식]
292560,미래에셋 TIGER 일본엔선물특별자산상장지수투자신탁(엔-파생형)
293180,NH-Amundi HANARO 200증권상장지수투자신탁[주식]
294400,키움 KIWOOM 200TotalReturn증권상장지수투자신탁[주식]
295040,신한 SOL 200 Total Return증권상장지수투자신탁[주식]
298340,한화 PLUS 국채선물3년증권상장지수투자신탁(채권-파생형)
298770,삼성 KODEX 한국대만IT프리미어증권상장지수투자신탁[주식-파생형]
300610,미래에셋 TIGER K게임증권상장지수투자신탁(주식)
300950,삼성 KODEX 게임산업증권상장지수투자신탁[주식]
301400,한화 PLUS 코스닥150증권상장지수투자신탁(주식)
302190,미래에셋 TIGER 중장기국채증권상장지수투자신탁(채권-파생형)
304660,삼성 KODEX 미국30년국채울트라선물증권상장지수투자신탁[채권-파생형](H)
304760,NH-Amundi HANARO KRX300증권상장지수투자신탁[주식]
304770,NH-Amundi HANARO 코스닥150증권상장지수투자신탁[주식]
304940,삼성 KODEX 미국나스닥100선물증권상장지수투자신탁[주식-파생형](H)
305050,한국투자 ACE 코스피증권상장지수투자신탁(주식)
305080,미래에셋 TIGER 미국채10년선물증권상장지수투자신탁(채권-파생형)
305540,미래에셋 TIGER 2차전지테마증권상장지수투자신탁(주식)
305720,삼성 KODEX 2차전지산업증권상장지수투자신탁[주식]
307510,미래에셋 TIGER 의료기기증권상장지수투자신탁(주식)
307520,미래에셋 TIGER 지주회사증권상장지수투자신탁(주식)
308620,삼성 KODEX 미국10년국채선물증권상장지수투자신탁[채권-파생형]
309230,한국투자 ACE 미국WideMoat동일가중증권상장지수투자신탁(주식)
310960,미래에셋 TIGER 200 Total Return증권상장지수투자신탁(주식)
310970,미래에셋 TIGER MSCI Korea Total Return증권상장지수투자신탁(주식)
314250,삼성 KODEX 미국빅테크10증권상장지수투자신탁[주식-파생형](H)
314700,NH-Amundi HANARO 농업융복합산업증권상장지수투자신탁(주식)
315270,미래에셋 TIGER 200커뮤니케이션서비스증권상장지수투자신탁(주식)
315930,삼성 KODEX Top5Plus Total Return증권상장지수투자신탁[주식형]
316300,한국투자 ACE 싱가포르리츠부동산상장지수투자신탁(재간접형)
316670,키움 KIWOOM 코스닥150증권상장지수투자신탁[주식]
319640,미래에셋 TIGER 골드선물특별자산상장지수투자신탁(금-파생형)(H)
321410,삼성 KODEX모닝스타멀티에셋하이인컴증권상장지수투자신탁[채권혼합-파생재간접형](H)
322400,NH-Amundi HANARO e커머스증권상장지수투자신탁[주식]
322410,NH-Amundi HANARO K고배당증권상장지수투자신탁[주식]
325010,삼성 KODEX 성장주증권상장지수투자신탁[주식형]
325020,삼성 KODEX 배당가치증권상장지수투자신탁[주식형]
328370,한화 PLUS 코스피TotalReturn증권상장지수투자신탁(주식)
329200,미래에셋 TIGER 리츠부동산인프라혼합자산상장지수투자신탁(재간접형)
329650,삼성 KODEX TRF3070증권상장지수투자신탁[채권혼합]
329660,삼성 KODEX TRF5050증권상장지수투자신탁[주식혼합-재간접]
329670,삼성 KODEX TRF7030증권상장지수투자신탁[주식혼합-재간접]
329750,미래에셋 TIGER 미국달러단기채권액티브증권상장지수투자신탁(채권-파생형)
332500,한국투자 ACE 200 Total Return증권상장지수투자신탁(주식)
332610,한화 PLUS 미국단기회사채(AAA~A)증권상장지수투자신탁(채권)
332620,한화 PLUS 미국장기우량회사채증권상장지수투자신탁(채권)
332930,NH-Amundi HANARO 200 Total Return증권상장지수투자신탁(주식)
332940,NH-Amundi HANARO MSCI Korea Total Return증권상장지수투자신탁(주식)
337120,삼성 KODEX 멀티팩터증권상장지수투자신탁[주식]
337140,삼성 KODEX 코스피대형주증권상장지수투자신탁[주식]
337150,삼성 KODEX 200exTOP증권상장지수투자신탁[주식]
337160,삼성 KODEX 200ESG증권상장지수투자신탁[주식]
341850,미래에셋 TIGER 리츠부동산인프라채권부동산상장지수투자신탁(재간접형)
352540,삼성 KODEX 일본부동산리츠부동산상장지수투자신탁[REITs-파생재간접형](H)
352560,삼성 KODEX 미국부동산리츠부동산상장지수투자신탁[REITs-파생재간접형](H)
354350,NH-Amundi HANARO 글로벌럭셔리S&P 증권상장지수투자신탁(주식-파생형)(합성)
354500,한국투자 ACE 코스닥150증권상장지수투자신탁(주식)
356540,한국투자 ACE 종합채권(AA-이상)액티브증권상장지수투자신탁(채권)
357870,미래에셋 TIGER CD금리투자KIS특별자산상장지수투자신탁(CD-파생형)(합성)
359210,삼성 KODEX 코스피TotalReturn증권상장지수투자신탁[주식]
360140,삼성 KODEX 200롱코스닥150숏선물증권상장지수투자신탁[주식-파생형]
360150,삼성 KODEX 코스닥150롱코스피200숏선물증권상장지수투자신탁[주식-파생형]
360200,한국투자 ACE 미국S&P500증권상장지수투자신탁(주식)
360750,미래에셋 TIGER 미국S&P500증권상장지수투자신탁(주식)
363510,신한 SOL KIS단기통안채증권상장지수투자신탁[채권]
363570,삼성 KODEX 장기종합채권(AA-이상)액티브증권상장지수투자신탁[채권]
363580,삼성 KODEX 200IT Total Return증권상장지수투자신탁[주식]
364690,삼성 KODEX 혁신기술테마액티브증권상장지수투자신탁[주식]
364960,미래에셋 TIGER BBIG 증권상장지수투자신탁(주식)
364970,미래에셋 TIGER 바이오TOP10 증권상장지수투자신탁(주식)
364980,미래에셋 TIGER 2차전지TOP10 증권상장지수투자신탁(주식)
364990,미래에셋 TIGER 게임TOP10 증권상장지수투자신탁(주식)
365000,미래에셋 TIGER 인터넷TOP10 증권상장지수투자신탁(주식)
365040,미래에셋 TIGER AI코리아그로스액티브증권상장지수투자신탁(주식)
365780,한국투자 ACE 국고채10년증권상장지수투자신탁(채권)
367380,한국투자 ACE 미국나스닥100증권상장지수투자신탁(주식)
367740,NH-Amundi HANARO Fn5G산업증권상장지수투자신탁(주식)
368190,NH-Amundi HANARO Fn K-뉴딜디지털플러스증권상장지수투자신탁[주식]
368680,삼성 KODEX K-뉴딜디지털플러스증권상장지수투자신탁[주식]
371160,미래에셋 TIGER 차이나항셍테크증권상장지수투자신탁(주식)
371450,미래에셋 TIGER 글로벌클라우드컴퓨팅INDXX증권상장지수투자신탁(주식-파생형)
371460,미래에셋 TIGER 차이나전기차SOLACTIVE증권상장지수투자신탁(주식-파생형)
371470,미래에셋 TIGER 차이나바이오테크SOLACTIVE증권상장지수투자신탁(주식-파생형)
371870,한국투자 ACE 차이나항셍테크증권상장지수투자신탁(주식)
372330,삼성 KODEX 차이나항셍테크증권상장지수투자신탁[주식]
373490,삼성 KODEX 코리아혁신성장액티브증권상장지수투자신탁[주식]
373790,키움 KIWOOM 미국방어배당성장나스닥증권상장지수투자신탁[주식]
375760,NH-Amundi HANARO 탄소효율그린뉴딜증권상장지수투자신탁[주식]
375770,삼성 KODEX 탄소효율그린뉴딜증권상장지수투자신탁[주식]
376410,미래에셋 TIGER 탄소효율그린뉴딜증권상장지수투자신탁(주식)
377990,미래에셋 TIGER Fn신재생에너지증권상장지수투자신탁(주식)
379800,삼성 KODEX 미국S&P500 증권상장지수투자신탁[주식]
379810,삼성 KODEX 미국나스닥100 증권상장지수투자신탁[주식]
380340,한국투자 ACE 코리아AI테크핵심산업증권상장지수투자신탁(주식)
381170,미래에셋 TIGER 미국테크TOP10 INDXX증권상장지수투자신탁(주식)
381180,미래에셋 TIGER 미국필라델피아반도체나스닥증권상장지수투자신탁(주식)
381560,NH-Amundi HANARO Fn전기&수소차증권상장지수투자신탁(주식)
381570,NH-Amundi HANARO Fn친환경에너지증권상장지수투자신탁(주식)
385510,삼성 KODEX 신재생에너지액티브증권상장지수투자신탁[주식]
385520,삼성 KODEX 자율주행액티브증권상장지수투자신탁[주식]
385590,한국투자 ACE ESG액티브증권상장지수투자신탁(주식)
385600,한국투자 ACE 2차전지&친환경차액티브증권상장지수투자신탁(주식)
385710,타임폴리오 TIMEFOLIO K이노베이션액티브증권상장지수투자신탁(주식)
385720,타임폴리오 TIMEFOLIO 코스피액티브증권상장지수투자신탁(주식)
387270,미래에셋 TIGER 글로벌이노베이션액티브증권상장지수투자신탁(주식-재간접형)
387280,미래에셋 TIGER 퓨처모빌리티액티브증권상장지수투자신탁(주식)
390390,삼성 KODEX 미국반도체증권상장지수투자신탁[주식]
390400,삼성 KODEX 미국스마트모빌리티S&P증권상장지수투자신탁[주식]
391600,한국투자 ACE 미국친환경그린테마증권상장지수투자신탁(주식)
394350,키움 KIWOOM 글로벌퓨처모빌리티증권상장지수투자신탁[주식-재간접형]
394660,미래에셋 TIGER글로벌자율주행&전기차SOLACTIVE증권상장지수투자신탁(주식-파생형)
394670,미래에셋 TIGER글로벌리튬&2차전지SOLACTIVE증권상장지수투자신탁(주식-파생형)(합성)
395150,삼성 KODEX 웹툰&드라마증권상장지수투자신탁[주식]
395160,삼성 KODEX AI반도체증권상장지수투자신탁[주식]
395170,삼성 KODEX Top10동일가중증권상장지수투자신탁[주식]
395270,NH-Amundi HANARO Fn K-반도체증권상장지수투자신탁(주식)
395280,NH-Amundi HANARO Fn K-게임증권상장지수투자신탁(주식)
395290,NH-Amundi HANARO Fn K-POP&미디어증권상장지수투자신탁(주식)
395750,한화 PLUS ESG가치주액티브증권상장지수투자신탁(주식)
395760,한화 PLUS ESG성장주액티브증권상장지수투자신탁(주식)
396500,미래에셋 TIGER 반도체TOP10증권상장지수투자신탁(주식)
396510,미래에셋 TIGER 차이나클린에너지SOLACTIVE증권상장지수투자신탁(주식-파생형)
396520,미래에셋 TIGER 차이나반도체FACTSET증권상장지수투자신탁(주식-파생형)
399110,신한 SOL 미국S&P500ESG증권상장지수투자신탁[주식]
400570,삼성 KODEX 유럽탄소배출권선물ICE특별자산상장지수투자신탁[탄소배출권-파생형](H)
400580,신한 SOL 유럽탄소배출권선물S&P특별자산상장지수투자신탁[탄소배출권-파생형](H)
400590,신한 SOL 글로벌탄소배출권선물ICE특별자산ETF[탄소배출권-파생형](합성)
400970,미래에셋 TIGER Fn메타버스증권상장지수투자신탁(주식)
401470,삼성 KODEX 메타버스액티브증권상장지수투자신탁[주식]
401590,NH-Amundi HANARO 글로벌탄소배출권선물ICE특별자산ETF(탄소배출권-파생형)(합성)
402460,NH-Amundi HANARO Fn K-메타버스MZ증권상장지수투자신탁(주식)
402970,한국투자 ACE 미국배당다우존스증권상장지수투자신탁(주식)
404120,타임폴리오 TIMEFOLIO K신재생에너지액티브증권상장지수투자신탁(주식)
404260,삼성 KODEX 기후변화솔루션증권상장지수투자신탁[주식]
404540,미래에셋 TIGER KRX기후변화솔루션증권상장지수투자신탁(주식)
404650,신한 SOL KRX기후변화솔루션증권상장지수투자신탁[주식]
407300,NH-Amundi HANARO Fn골프테마 증권상장지수투자신탁(주식)
407310,NH-Amundi HANARO 200 TOP10 증권상장지수투자신탁(주식)
410870,타임폴리오 TIMEFOLIO K컬처액티브증권상장지수투자신탁[주식]
411060,한국투자 ACE KRX금현물특별자산상장지수투자신탁(금)
411420,삼성 KODEX 미국나스닥AI테크액티브증권상장지수투자신탁[주식]
411540,신한 SOL 200 Top10증권상장지수투자신탁[주식]
411860,키움 KIWOOM 독일DAX증권상장지수투자신탁[주식]
412770,미래에셋TIGER글로벌AI플랫폼액티브증권상장지수투자신탁(주식)
413220,신한 SOL 차이나태양광CSI증권상장지수투자신탁[주식혼합-파생형](합성)
414270,한국투자 ACE 글로벌자율주행액티브증권상장지수투자신탁(주식)
414780,미래에셋 TIGER 차이나과창판STAR50증권상장지수투자신탁(주식-파생형)(합성)
415340,삼성 KODEX 차이나과창판STAR50증권상장지수투자신탁[주식-파생형](합성)
415760,신한 SOL 차이나육성산업액티브증권상장지수투자신탁[주식혼합-파생형](합성)
415920,한화 PLUS 글로벌희토류&전략자원생산기업증권상장지수투자신탁(주식)
416090,한국투자 ACE 중국과창판STAR50증권상장지수투자신탁(주식)
417630,미래에셋 TIGER KEDI혁신기업ESG30증권상장지수투자신탁(주식)
418670,미래에셋 TIGER 글로벌AI사이버보안증권상장지수투자신탁(주식)
419420,삼성 KODEX 미국클린에너지나스닥증권상장지수투자신탁[주식]
419430,삼성 KODEX 차이나2차전지MSCI증권상장지수투자신탁[주식-파생형](합성)
419650,한화 PLUS 글로벌수소&차세대연료전지증권상장지수투자신탁(주식)
419890,키움 KIWOOM 단기채권ESG액티브증권상장지수투자신탁[채권]
421320,한화 PLUS 우주항공&UAM 증권상장지수투자신탁(주식)
423160,삼성 KODEX KOFR금리액티브특별자산상장지수투자신탁[금리-파생형](합성)
423170,신한 SOL 한국형글로벌반도체액티브증권상장지수투자신탁[주식-파생형]
424460,NH-Amundi HANARO 글로벌워터MSCI 증권상장지수투자신탁[주식-파생형](합성)
426020,타임폴리오 TIMEFOLIO 미국S&P500액티브증권상장지수투자신탁[주식]
426030,타임폴리오 TIMEFOLIO 미국나스닥100액티브증권상장지수투자신탁[주식]
426330,키움 KIWOOM 미국ETF산업STOXX증권상장지수투자신탁[주식]
428510,삼성 KODEX 차이나AI테크액티브증권상장지수투자신탁[주식]
428560,삼성 KODEX 미국ETF산업Top10 Indxx증권상장지수투자신탁[주식]
429000,미래에셋 TIGER 미국S&P500배당귀족증권상장지수투자신탁(주식)
429010,미래에셋 TIGER 미국나스닥넥스트100증권상장지수투자신탁(주식)
429740,한화 PLUS K리츠부동산상장지수투자신탁(재간접형)
429760,한화 PLUS 미국S&P500 증권상장지수투자신탁(주식)
429980,신한 SOL 한국형글로벌전기차&2차전지액티브증권상장지수투자신탁[주식-파생형]
430500,키움 KIWOOM 물가채KIS증권상장지수투자신탁[채권]
432840,NH-Amundi HANARO 미국S&P500증권상장지수투자신탁(주식)
433330,신한 SOL 미국S&P500 증권상장지수투자신탁[주식]
433500,한국투자 ACE 원자력TOP10증권상장지수투자신탁(주식)
433880,한화 PLUS TDF2060액티브증권상장지수투자신탁(혼합-재간접형)
433970,삼성 KODEX TDF2030액티브증권상장지수투자신탁[혼합-재간접형]
433980,삼성 KODEX TDF2040액티브증권상장지수투자신탁[혼합-재간접형]
434060,삼성 KODEX TDF2050액티브증권상장지수투자신탁[혼합-재간접형]
434730,NH-Amundi HANARO 원자력iSelect증권상장지수투자신탁(주식)
435040,한국투자 ACE 글로벌브랜드TOP10증권상장지수투자신탁(주식)
435420,미래에셋 TIGER 미국나스닥100채권혼합Fn증권상장지수투자신탁(채권혼합)
435530,키움 KIWOOM TDF2030액티브증권상장지수투자신탁[혼합-재간접형]
435540,키움 KIWOOM TDF2040액티브증권상장지수투자신탁[혼합-재간접형]
435550,키움 KIWOOM TDF2050액티브증권상장지수투자신탁[혼합-재간접형]
436140,신한 SOL종합채권(AA-이상)액티브증권상장지수투자신탁[채권]
437070,삼성 KODEX 아시아달러채권ESG플러스액티브증권상장지수투자신탁[채권]
437080,삼성 KODEX 미국종합채권ESG액티브증권상장지수투자신탁(H)[채권]
438080,한국투자 ACE 미국S&P500미국채혼합50액티브증권상장지수투자신탁(채권혼합)
438100,한국투자 ACE 미국나스닥100미국채혼합50액티브증권상장지수투자신탁(채권혼합)
438330,미래에셋TIGER우량회사채액티브증권상장지수투자신탁(채권)
438560,신한 SOL 국고채3년증권상장지수투자신탁[채권]
438570,신한 SOL 국고채10년증권상장지수투자신탁[채권]
438900,NH-Amundi HANARO Fn K-푸드증권상장지수투자신탁(주식)
439860,삼성 KODEX ESG종합채권(A-이상)액티브증권상장지수투자신탁[채권]
439870,삼성 KODEX 국고채30년액티브증권상장지수투자신탁[채권]
440340,미래에셋 TIGER 글로벌멀티에셋TIF액티브증권상장지수투자신탁(채권혼합)
440640,한국투자 ACE 단기채권알파액티브증권상장지수투자신탁(채권)
440650,한국투자 ACE 미국달러단기채권액티브증권상장지수투자신탁(채권)
441330,키움 KIWOOM 차이나A50커넥트MSCI증권상장지수투자신탁[주식-파생형]
441540,NH-Amundi HANARO Fn조선해운증권상장지수투자신탁(주식)
441640,삼성 KODEX 미국배당커버드콜S&P액티브증권상장지수투자신탁[주식-파생형]
441680,미래에셋 TIGER 미국나스닥100커버드콜증권상장지수투자신탁(주식-파생형)(합성)
441800,타임폴리오 TIMEFOLIO Korea플러스배당액티브증권상장지수투자신탁[주식]
442580,한화 PLUS 글로벌HBM반도체증권상장지수투자신탁(주식)
444200,신한 SOL 코리아메가테크액티브증권상장지수투자신탁[주식]
445150,삼성 KODEX 친환경조선해운액티브증권상장지수투자신탁[주식]
445290,삼성 KODEX 로봇액티브증권상장지수투자신탁[주식]
445910,미래에셋 TIGER MKF배당귀족증권상장지수투자신탁(주식)
446690,삼성 KODEX 아시아AI반도체exChina액티브증권상장지수투자신탁[주식]
446720,신한 SOL 미국배당다우존스증권상장지수투자신탁[주식]
446770,한국투자 ACE 글로벌반도체TOP4 Plus증권상장지수투자신탁(주식)
447430,한국투자 ACE 주주환원가치주액티브증권상장지수투자신탁(주식)
447620,신한 SOL 미국TOP5채권혼합40 Solactive증권상장지수투자신탁[채권혼합]
447660,한화 PLUS 애플채권혼합증권상장지수투자신탁(채권혼합)
447770,미래에셋 TIGER 테슬라채권혼합Fn증권상장지수투자신탁(채권혼합)
448290,미래에셋 TIGER 미국S&P500증권상장지수투자신탁(주식-파생형)(H)
448300,미래에셋 TIGER 미국나스닥100증권상장지수투자신탁(주식-파생형)(H)
448330,삼성 KODEX 삼성전자채권혼합증권상장지수투자신탁[채권혼합]
448490,NH-Amundi HANARO 32-10 국고채액티브증권상장지수투자신탁(채권)
448540,한국투자 ACE 엔비디아채권혼합증권상장지수투자신탁(채권혼합)
449170,미래에셋TIGER KOFR금리액티브증권상장지수투자신탁(채권혼합-파생형)(합성)
449180,삼성 KODEX 미국S&P500증권상장지수투자신탁[주식](H)
449190,삼성 KODEX 미국나스닥100증권상장지수투자신탁[주식](H)
449450,한화 PLUS K방산증권상장지수투자신탁(주식)
449680,미래에셋 TIGER 한중전기차증권상장지수투자신탁(주식-파생형)(합성)
449690,미래에셋 TIGER 한중반도체증권상장지수투자신탁(주식-파생형)(합성)
449770,키움 KIWOOM 미국S&P500증권상장지수투자신탁[주식]
449780,키움 KIWOOM 미국S&P500증권상장지수투자신탁[주식](H)
450180,삼성 KODEX 한중전기차증권상장지수투자신탁[주식-파생형](합성)
450190,삼성 KODEX 한중반도체증권상장지수투자신탁[주식-파생형](합성)
450910,신한 SOL 코스닥150증권상장지수투자신탁[주식]
451000,한화 PLUS 종합채권(AA-이상)액티브증권상장지수투자신탁(채권)
451530,미래에셋TIGER국고채30년스트립액티브증권상장지수투자신탁(채권)
451540,미래에셋TIGER종합채권(AA-이상)액티브증권상장지수투자신탁(채권)
451600,한화 PLUS 국고채30년액티브증권상장지수투자신탁(채권)
452360,신한 SOL미국배당다우존스증권상장지수투자신탁[주식](H)
453010,한화 PLUS KOFR금리특별자산상장지수투자신탁(금리)
453060,NH-Amundi HANARO KOFR금리액티브특별자산상장지수투자신탁(금리-파생형)(합성)
453080,키움 KIWOOM 미국나스닥100증권상장지수투자신탁[주식](H)
453630,삼성 KODEX 미국S&P500필수소비재증권상장지수투자신탁[주식]
453640,삼성 KODEX 미국S&P500헬스케어증권상장지수투자신탁[주식]
453650,삼성 KODEX 미국S&P500금융증권상장지수투자신탁[주식]
453660,삼성 KODEX 미국S&P500경기소비재증권상장지수투자신탁[주식]
453810,삼성 KODEX 인도Nifty50증권상장지수투자신탁[주식-파생형]
453850,한국투자 ACE 미국30년국채액티브증권상장지수투자신탁[채권](H)
453870,미래에셋 TIGER 인도니프티50증권상장지수투자신탁(주식-파생형)
453950,미래에셋 TIGER TSMC파운드리밸류체인증권상장지수투자신탁(주식)
454180,키움 KIWOOM 차이나내수소비TOPCSI증권상장지수투자신탁[주식-파생형]
454320,NH-Amundi HANARO CAPEX설비투자iSelect증권상장지수투자신탁(주식)
454780,키움 KIWOOM 종합채권(AA-이상)액티브증권상장지수투자신탁[채권]
455030,삼성 KODEX 미국달러SOFR금리액티브특별자산상장지수투자신탁[금리-파생형](합성)
455660,한국투자 ACE 미국하이일드액티브증권상장지수투자신탁[채권-재간접형](H)
455850,신한 SOL AI반도체소부장증권상장지수투자신탁[주식]
455860,신한 SOL 2차전지소부장Fn증권상장지수투자신탁[주식]
456200,한화 PLUS 미국달러SOFR금리액티브특별자산상장지수투자신탁(금리-파생형)(합성)
456250,삼성 KODEX 유럽명품TOP10 STOXX증권상장지수투자신탁[주식]
456600,타임폴리오 TIMEFOLIO 글로벌AI인공지능액티브증권상장지수투자신탁[주식]
456610,미래에셋 TIGER 미국달러SOFR금리액티브특별자산상장지수투자신탁(금리-파생형)(합성)
456880,한국투자 ACE 미국달러SOFR금리특별자산상장지수투자신탁(금리-파생형)(합성)
457480,한국투자 ACE 테슬라밸류체인액티브증권상장지수투자신탁(주식)
457690,삼성 KODEX 33-06 국고채액티브증권상장지수투자신탁[채권]
457700,삼성 KODEX 53-09 국고채액티브증권상장지수투자신탁[채권]
457990,한화 PLUS 태양광&ESS 증권상장지수투자신탁(주식)
458210,키움 KIWOOM CD금리액티브특별자산상장지수투자신탁[금리-파생형](합성)
458250,미래에셋 TIGER 미국30년국채스트립액티브증권상장지수투자신탁(채권-파생형)(합성 H)
458260,미래에셋 TIGER 미국투자등급회사채액티브증권상장지수투자신탁(채권)(H)
458730,미래에셋 TIGER 미국배당다우존스증권상장지수투자신탁(주식)
458750,미래에셋TIGER 미국배당다우존스타겟커버드콜1호증권상장지수투자신탁(주식-파생형)
458760,미래에셋TIGER미국배당다우존스타켓커버드콜2호증권상장지수투자신탁(주식-파생형)
459560,삼성 KODEX 테슬라밸류체인FactSet증권상장지수투자신탁[주식-파생형]
459580,삼성 KODEX CD금리액티브증권상장지수투자신탁[채권혼합-파생형](합성)
459790,키움 KIWOOM 미국성장기업30액티브증권상장지수투자신탁[주식]
460270,키움 KIWOOM 미국달러SOFR금리액티브특별자산상장지수투자신탁[금리-파생형](합성)
460280,키움 KIWOOM Fn유전자혁신기술증권상장지수투자신탁[주식]
460960,한국투자 ACE 글로벌인컴TOP10증권상장지수투자신탁[혼합-재간접형]
461270,한국투자 ACE 26-06 회사채(AA-이상)액티브증권상장지수투자신탁(채권)
461340,NH-Amundi HANARO 글로벌생성형AI액티브증권상장지수투자신탁(주식)
461450,삼성 KODEX 코스닥글로벌증권상장지수투자신탁[주식]
461460,한화 PLUS 국고채10년액티브증권상장지수투자신탁(채권)
461500,NH-Amundi HANARO 종합채권(AA-이상)액티브증권상장지수투자신탁(채권)
461580,미래에셋 TIGER 코스닥글로벌증권상장지수투자신탁(주식)
461600,신한 SOL 미국30년국채액티브증권상장지수투자신탁[채권](H)
461900,한화 PLUS 미국테크TOP10증권상장지수투자신탁(주식)
461950,삼성 KODEX 2차전지핵심소재10증권상장지수투자신탁[주식]
462010,미래에셋 TIGER 2차전지소재Fn증권상장지수투자신탁(주식)
463050,타임폴리오 TIMEFOLIO K바이오액티브증권상장지수투자신탁(주식)
463250,미래에셋TIGERK방산&우주증권상장지수투자신탁(주식)
463640,삼성 KODEX 미국S&P500유틸리티증권상장지수투자신탁[주식]
463680,삼성 KODEX 미국S&P500테크놀로지증권상장지수투자신탁[주식]
463690,삼성 KODEX 미국S&P500커뮤니케이션증권상장지수투자신탁[주식]
464240,키움 KIWOOM 26-09회사채(AA-이상)액티브증권상장지수투자신탁[채권]
464310,미래에셋 TIGER 글로벌AI&로보틱스INDXX증권상장지수투자신탁(주식)
464470,한화 PLUS 미국채30년액티브증권상장지수투자신탁(채권)
464600,신한 SOL 자동차소부장Fn증권상장지수투자신탁[주식]
464610,신한 SOL 의료기기소부장Fn증권상장지수투자신탁[주식]
464920,한화 PLUS 일본반도체소부장증권상장지수투자신탁(주식)
464930,미래에셋 TIGER 글로벌혁신블루칩TOP10증권상장지수투자신탁(주식)
465580,한국투자 ACE 미국빅테크TOP7 Plus증권상장지수투자신탁(주식)
465660,미래에셋 TIGER 일본반도체FACTSET증권상장지수투자신탁(주식)
465670,미래에셋 TIGER 미국캐시카우100증권상장지수투자신탁(주식)
466920,신한 SOL 조선TOP3플러스증권상장지수투자신탁[주식]
466930,신한 SOL 자동차TOP3플러스증권상장지수투자신탁[주식]
466940,미래에셋 TIGER 은행고배당플러스TOP10증권상장지수투자신탁(주식)
466950,미래에셋 TIGER 글로벌AI액티브증권상장지수투자신탁(주식)
468370,삼성KODEX iShares미국인플레이션국채액티브증권상장지수투자신탁[채권-재간접형]
468380,삼성 KODEX iShares미국하이일드액티브증권상장지수투자신탁[채권-재간접형]
468630,삼성KODEX iShares미국투자등급회사채액티브증권상장지수투자신탁[채권-재간접형]
469150,한국투자 ACE AI반도체포커스증권상장지수투자신탁(주식)
469160,한국투자 ACE 일본반도체증권상장지수투자신탁(주식)
469170,한국투자 ACE 포스코그룹포커스증권상장지수투자신탁(주식)
469790,키움 KIWOOM K-테크TOP10증권상장지수투자신탁[주식]
469830,신한 SOL 초단기채권액티브증권상장지수투자신탁[채권]
471230,삼성 KODEX 국고채10년액티브증권상장지수투자신탁[채권]
471460,키움 KIWOOM 국고채30년액티브증권상장지수투자신탁[채권]
471760,미래에셋 TIGER AI반도체핵심공정증권상장지수투자신탁(주식)
471780,미래에셋TIGER 코리아테크액티브증권상장지수투자신탁(주식)
471990,삼성 KODEX AI반도체핵심장비증권상장지수투자신탁[주식]
472150,미래에셋TIGER배당커버드콜액티브증권상장지수투자신탁(주식)
472160,미래에셋 TIGER 미국테크TOP10 INDXX증권상장지수투자신탁(주식)(H)
472170,미래에셋 TIGER 미국테크TOP10채권혼합증권상장지수투자신탁(채권혼합)
473290,삼성 KODEX 26-12 회사채(AA-이상)액티브증권상장지수투자신탁[채권]
473330,신한 SOL 미국30년국채커버드콜증권상장지수투자신탁[채권-파생형](합성)
473440,한국투자 ACE 11월만기자동연장회사채AA-이상액티브증권상장지수투자신탁(채권)
473460,삼성 KODEX 미국서학개미증권상장지수투자신탁[주식]
473490,키움 KIWOOM 글로벌AI반도체증권상장지수투자신탁[주식]
473590,한국투자 ACE 미국주식베스트셀러증권상장지수투자신탁(주식)
473640,NH-Amundi HANARO 글로벌금채굴기업증권상장지수투자신탁[주식]
474220,미래에셋TIGER미국테크TOP10타겟커버드콜증권상장지수투자신탁(주식-파생형)
474390,신한 SOL 국고채30년액티브증권상장지수투자신탁[채권]
474800,키움 KIWOOM 미국원유에너지기업증권상장지수투자신탁[주식]
475050,한국투자 ACE KPOP포커스증권상장지수투자신탁(주식)
475080,삼성 KODEX 테슬라커버드콜채권혼합액티브증권상장지수투자신탁[채권혼합-파생형]
475260,한국투자 ACE 2월만기자동연장회사채AA-이상액티브증권상장지수투자신탁(채권)
475270,한국투자 ACE 5월만기자동연장회사채AA-이상액티브증권상장지수투자신탁(채권)
475280,한국투자 ACE 8월만기자동연장회사채AA-이상액티브증권상장지수투자신탁(채권)
475300,신한 SOL 반도체전공정증권상장지수투자신탁[주식]
475310,신한 SOL 반도체후공정증권상장지수투자신탁[주식]
475630,미래에셋 TIGER CD1년금리액티브증권상장지수투자신탁(채권혼합-파생형)(합성)
476030,신한 SOL 미국나스닥100증권상장지수투자신탁[주식]
476070,삼성 KODEX 글로벌비만치료제TOP2 Plus증권상장지수투자신탁[주식]
476260,NH-Amundi HANARO 반도체핵심공정주도주 증권상장지수투자신탁(주식)
476450,키움 KIWOOM 머니마켓액티브증권상장지수투자신탁[채권]
476550,미래에셋TIGER미국30년국채커버드콜액티브증권상장지수투자신탁(채권-재간접형)(H)
476690,미래에셋 TIGER 글로벌비만치료제TOP2 Plus INDXX증권상장지수투자신탁(주식)
476750,한국투자 ACE 미국30년국채엔화노출액티브증권상장지수투자신탁[채권](H)
476760,한국투자 ACE 미국30년국채액티브증권상장지수투자신탁[채권]
476800,삼성 KODEX 한국부동산리츠인프라부동산상장지수투자신탁[재간접형]
477050,한화 PLUS 머니마켓액티브증권상장지수투자신탁(채권)
477730,삼성 KODEX 인도타타그룹증권상장지수투자신탁[주식-파생형]
478150,타임폴리오 TIMEFOLIO 글로벌우주테크&방산액티브증권상장지수투자신탁[주식]
479620,신한 SOL 미국AI반도체칩메이커증권상장지수투자신탁[주식]
479730,미래에셋 TIGER 인도빌리언컨슈머증권상장지수투자신탁(주식)
479850,NH-Amundi HANARO K-뷰티증권상장지수투자신탁(주식)
480020,한국투자 ACE 미국빅테크7+데일리타겟커버드콜증권상장지수투자신탁(주식-파생형)합성
480030,한국투자 ACE 미국500데일리타겟커버드콜증권상장지수투자신탁(주식-파생형)(합성)
480040,한국투자 ACE 미국반도체데일리타겟커버드콜증권상장지수투자신탁(주식-파생형)(합성)
480260,미래에셋 TIGER 27-04회사채(A+이상)액티브증권상장지수투자신탁(채권)
480310,미래에셋 TIGER 글로벌온디바이스AI증권상장지수투자신탁(주식)
481050,삼성 KODEX CD1년금리플러스액티브증권상장지수투자신탁[채권혼합-파생형](합성)
481060,삼성 KODEX 미국30년국채타겟커버드콜증권상장지수투자신탁[채권-파생형](합성 H)
481180,신한 SOL 미국AI소프트웨어증권상장지수투자신탁[주식]
481190,신한 SOL 미국테크TOP10증권상장지수투자신탁[주식]
482730,미래에셋TIGER미국S&P500타겟데일리커버드콜증권상장지수투자신탁(주식)
483020,키움 KIWOOM 의료AI증권상장지수투자신탁[주식]
483030,키움 KIWOOM 미국블록버스터바이오테크의약품+증권상장지수투자신탁[주식]
483240,미래에셋 TIGER 미국나스닥100ETF선물증권상장지수투자신탁(주식-파생형)
483280,삼성 KODEX 미국AI테크TOP10타겟커버드콜증권상장지수투자신탁[주식-파생형]
483290,삼성 KODEX 미국배당다우존스타겟커버드콜증권상장지수투자신탁[주식-파생형]
483320,한국투자 ACE 엔비디아밸류체인액티브증권상장지수투자신탁(주식)
483330,한국투자 ACE 마이크로소프트밸류체인액티브증권상장지수투자신탁(주식)
483340,한국투자 ACE 구글밸류체인액티브증권상장지수투자신탁(주식)
483420,한국투자 ACE 애플밸류체인액티브증권상장지수투자신탁(주식)
484790,삼성 KODEX 미국30년국채액티브증권상장지수투자신탁[채권-재간접형](H)
484880,신한 SOL 금융지주플러스고배당증권상장지수투자신탁[주식]
484890,신한 SOL 머니마켓액티브증권상장지수투자신탁[채권]
485540,삼성 KODEX 미국AI테크TOP10증권상장지수투자신탁[주식]
485810,타임폴리오 TIMEFOLIO 글로벌바이오액티브증권상장지수투자신탁(주식)
486290,미래에셋TIGER미국나스닥100타겟데일리커버드콜증권상장지수투자신탁(주식)
486450,신한 SOL 미국AI전력인프라증권상장지수투자신탁[주식]
486830,NH-Amundi HANARO 머니마켓액티브증권상장지수투자신탁(채권)
487230,삼성 KODEX 미국AI전력핵심인프라증권상장지수투자신탁[주식]
487240,삼성 KODEX AI전력핵심설비증권상장지수투자신탁[주식]
487340,한국투자 ACE 머니마켓액티브 증권상장지수투자신탁(채권)
487910,한국투자 ACE 인도컨슈머파워액티브증권상장지수투자신탁(주식)
487920,한국투자 ACE 인도시장대표BIG5그룹액티브증권상장지수투자신탁(주식)
487950,삼성 KODEX 대만테크고배당다우존스증권상장지수투자신탁[주식]
488200,키움 KIWOOM K-2차전지북미공급망증권상장지수투자신탁[주식]
488210,키움 KIWOOM K-반도체북미공급망증권상장지수투자신탁[주식]
488500,미래에셋 TIGER 미국S&P500동일가중증권상장지수투자신탁(주식)
488770,삼성 KODEX 머니마켓액티브증권상장지수투자신탁[채권]
488980,신한 SOL 26-12회사채(AA-이상)액티브증권상장지수투자신탁[채권]
489000,한화 PLUS 일본엔화초단기국채증권상장지수투자신탁(채권-파생형)(합성)
489010,한화 PLUS 글로벌AI인프라증권상장지수투자신탁(주식)
489030,한화 PLUS 고배당주위클리커버드콜증권상장지수투자신탁(주식-파생형)
489250,삼성 KODEX 미국배당다우존스증권상장지수투자신탁[주식]
489860,키움 KIWOOM 글로벌전력GRID인프라증권상장지수투자신탁[주식]
490090,미래에셋 TIGER 미국AI빅테크10증권상장지수투자신탁(주식)
490480,신한 SOL K방산증권상장지수투자신탁[주식]
490490,신한 SOL 미국배당미국채혼합50증권상장지수투자신탁[채권혼합]
491010,미래에셋TIGER글로벌AI전력인프라액티브증권상장지수투자신탁(주식)
491090,삼성 KODEX 미국테크TOP3플러스증권상장지수투자신탁[주식]
491220,한화 PLUS 200 Total Return증권상장지수투자신탁(주식)
491230,한화 PLUS 국공채머니마켓액티브증권상장지수투자신탁(채권)
491820,NH-Amundi HANARO 전력설비투자증권상장지수투자신탁(주식)
491830,미래에셋 TIGER 미국AI반도체팹리스증권상장지수투자신탁(주식)
493420,신한 SOL 미국배당다우존스2호증권상장지수투자신탁[주식]
493810,미래에셋 TIGER 미국AI빅테크10타겟데일리커버드콜증권상장지수투자신탁(주식)
494180,타임폴리오 TIMEFOLIO 글로벌소비트렌드액티브증권상장지수투자신탁[주식]
494210,신한 SOL 미국500타겟데일리커버드콜액티브증권상장지수투자신탁[주식-파생형]
494300,삼성 KODEX 미국나스닥100데일리커버드콜OTM증권상장지수투자신탁[주식-파생형]
494330,한국투자 ACE 라이프자산주주가치액티브증권상장지수투자신탁(주식)
494340,한국투자 ACE 글로벌AI맞춤형반도체증권상장지수투자신탁(주식)
494410,한화 PLUS 미국S&P500성장주증권상장지수투자신탁(주식)
494420,한화 PLUS 미국배당증가성장주데일리커버드콜증권상장지수투자신탁(주식-파생형)
494670,미래에셋 TIGER 조선TOP10증권상장지수투자신탁(주식)
494840,미래에셋 TIGER 미국방산TOP10증권상장지수투자신탁(주식)
494890,삼성 KODEX 200액티브증권상장지수투자신탁[주식-파생형]
495040,한화 PLUS 코리아밸류업증권상장지수투자신탁(주식)
495060,타임폴리오 TIMEFOLIO 코리아밸류업액티브증권상장지수투자신탁[주식]
495550,신한 SOL 코리아밸류업TotalReturn증권상장지수투자신탁[주식]
495750,NH-Amundi HANARO 코리아밸류업증권상장지수투자신탁(주식)
495850,삼성 KODEX 코리아밸류업증권상장지수투자신탁[주식]
496080,미래에셋 TIGER 코리아밸류업증권상장지수투자신탁(주식)
496090,키움 KIWOOM 코리아밸류업증권상장지수투자신탁[주식]
496120,한국투자 ACE 코리아밸류업증권상장지수투자신탁(주식)
496770,한화 PLUS 글로벌방산증권상장지수투자신탁(주식)
497510,한국투자 ACE 글로벌빅파마증권상장지수투자신탁(주식)
497520,한국투자 ACE 일라이릴리밸류체인증권상장지수투자신탁(주식)
497570,미래에셋 TIGER 미국필라델피아AI반도체나스닥증권상장지수투자신탁(주식)
497880,신한 SOL CD금리&머니마켓액티브증권상장지수투자신탁[채권]
498050,NH-Amundi HANARO 바이오코리아액티브증권상장지수투자신탁(주식)
498270,키움 KIWOOM 미국양자컴퓨팅증권상장지수투자신탁[주식]
498400,삼성 KODEX 200타겟위클리커버드콜증권상장지수투자신탁[주식-파생형]
498410,삼성 KODEX 금융고배당TOP10타겟위클리커버드콜증권상장지수투자신탁[주식-파생형]
499150,신한 SOL 미국S&P500엔화노출증권상장지수투자신탁[주식-파생형](H)
499660,미래에셋 TIGER CD금리플러스액티브증권상장지수투자신탁(채권혼합-파생형)(합성)
